cardboard1.jpg,0
cardboard2.jpg,0
cardboard3.jpg,0
cardboard4.jpg,0
cardboard5.jpg,0
cardboard6.jpg,0
cardboard7.jpg,0
cardboard8.jpg,0
cardboard9.jpg,0
cardboard10.jpg,0
cardboard11.jpg,0
cardboard12.jpg,0
cardboard13.jpg,0
cardboard14.jpg,0
cardboard15.jpg,0
cardboard16.jpg,0
cardboard17.jpg,0
cardboard18.jpg,0
cardboard19.jpg,0
cardboard20.jpg,0
cardboard21.jpg,0
cardboard22.jpg,0
cardboard23.jpg,0
cardboard24.jpg,0
cardboard25.jpg,0
cardboard26.jpg,0
cardboard27.jpg,0
cardboard28.jpg,0
cardboard29.jpg,0
cardboard30.jpg,0
cardboard31.jpg,0
cardboard32.jpg,0
cardboard33.jpg,0
cardboard34.jpg,0
cardboard35.jpg,0
cardboard36.jpg,0
cardboard37.jpg,0
cardboard38.jpg,0
cardboard39.jpg,0
cardboard40.jpg,0
cardboard41.jpg,0
cardboard42.jpg,0
cardboard43.jpg,0
cardboard44.jpg,0
cardboard45.jpg,0
cardboard46.jpg,0
cardboard47.jpg,0
cardboard48.jpg,0
cardboard49.jpg,0
cardboard50.jpg,0
cardboard51.jpg,0
cardboard52.jpg,0
cardboard53.jpg,0
cardboard54.jpg,0
cardboard55.jpg,0
cardboard56.jpg,0
cardboard57.jpg,0
cardboard58.jpg,0
cardboard59.jpg,0
cardboard60.jpg,0
cardboard61.jpg,0
cardboard62.jpg,0
cardboard63.jpg,0
cardboard64.jpg,0
cardboard65.jpg,0
cardboard66.jpg,0
cardboard67.jpg,0
cardboard68.jpg,0
cardboard69.jpg,0
cardboard70.jpg,0
cardboard71.jpg,0
cardboard72.jpg,0
cardboard73.jpg,0
cardboard74.jpg,0
cardboard75.jpg,0
cardboard76.jpg,0
cardboard77.jpg,0
cardboard78.jpg,0
cardboard79.jpg,0
cardboard80.jpg,0
cardboard81.jpg,0
cardboard82.jpg,0
cardboard83.jpg,0
cardboard84.jpg,0
cardboard85.jpg,0
cardboard86.jpg,0
cardboard87.jpg,0
cardboard88.jpg,0
cardboard89.jpg,0
cardboard90.jpg,0
cardboard91.jpg,0
cardboard92.jpg,0
cardboard93.jpg,0
cardboard94.jpg,0
cardboard95.jpg,0
cardboard96.jpg,0
cardboard97.jpg,0
cardboard98.jpg,0
cardboard99.jpg,0
cardboard100.jpg,0
cardboard101.jpg,0
cardboard102.jpg,0
cardboard103.jpg,0
cardboard104.jpg,0
cardboard105.jpg,0
cardboard106.jpg,0
cardboard107.jpg,0
cardboard108.jpg,0
cardboard109.jpg,0
cardboard110.jpg,0
cardboard111.jpg,0
cardboard112.jpg,0
cardboard113.jpg,0
cardboard114.jpg,0
cardboard115.jpg,0
cardboard116.jpg,0
cardboard117.jpg,0
cardboard118.jpg,0
cardboard119.jpg,0
cardboard120.jpg,0
cardboard121.jpg,0
cardboard122.jpg,0
cardboard123.jpg,0
cardboard124.jpg,0
cardboard125.jpg,0
cardboard126.jpg,0
cardboard127.jpg,0
cardboard128.jpg,0
cardboard129.jpg,0
cardboard130.jpg,0
cardboard131.jpg,0
cardboard132.jpg,0
cardboard133.jpg,0
cardboard134.jpg,0
cardboard135.jpg,0
cardboard136.jpg,0
cardboard137.jpg,0
cardboard138.jpg,0
cardboard139.jpg,0
cardboard140.jpg,0
cardboard141.jpg,0
cardboard142.jpg,0
cardboard143.jpg,0
cardboard144.jpg,0
cardboard145.jpg,0
cardboard146.jpg,0
cardboard147.jpg,0
cardboard148.jpg,0
cardboard149.jpg,0
cardboard150.jpg,0
cardboard151.jpg,0
cardboard152.jpg,0
cardboard153.jpg,0
cardboard154.jpg,0
cardboard155.jpg,0
cardboard156.jpg,0
cardboard157.jpg,0
cardboard158.jpg,0
cardboard159.jpg,0
cardboard160.jpg,0
cardboard161.jpg,0
cardboard162.jpg,0
cardboard163.jpg,0
cardboard164.jpg,0
cardboard165.jpg,0
cardboard166.jpg,0
cardboard167.jpg,0
cardboard168.jpg,0
cardboard169.jpg,0
cardboard170.jpg,0
cardboard171.jpg,0
cardboard172.jpg,0
cardboard173.jpg,0
cardboard174.jpg,0
cardboard175.jpg,0
cardboard176.jpg,0
cardboard177.jpg,0
cardboard178.jpg,0
cardboard179.jpg,0
cardboard180.jpg,0
cardboard181.jpg,0
cardboard182.jpg,0
cardboard183.jpg,0
cardboard184.jpg,0
cardboard185.jpg,0
cardboard186.jpg,0
cardboard187.jpg,0
cardboard188.jpg,0
cardboard189.jpg,0
cardboard190.jpg,0
cardboard191.jpg,0
cardboard192.jpg,0
cardboard193.jpg,0
cardboard194.jpg,0
cardboard195.jpg,0
cardboard196.jpg,0
cardboard197.jpg,0
cardboard198.jpg,0
cardboard199.jpg,0
cardboard200.jpg,0
cardboard201.jpg,0
cardboard202.jpg,0
cardboard203.jpg,0
cardboard204.jpg,0
cardboard205.jpg,0
cardboard206.jpg,0
cardboard207.jpg,0
cardboard208.jpg,0
cardboard209.jpg,0
cardboard210.jpg,0
cardboard211.jpg,0
cardboard212.jpg,0
cardboard213.jpg,0
cardboard214.jpg,0
cardboard215.jpg,0
cardboard216.jpg,0
cardboard217.jpg,0
cardboard218.jpg,0
cardboard219.jpg,0
cardboard220.jpg,0
cardboard221.jpg,0
cardboard222.jpg,0
cardboard223.jpg,0
cardboard224.jpg,0
cardboard225.jpg,0
cardboard226.jpg,0
cardboard227.jpg,0
cardboard228.jpg,0
cardboard229.jpg,0
cardboard230.jpg,0
cardboard231.jpg,0
cardboard232.jpg,0
cardboard233.jpg,0
cardboard234.jpg,0
cardboard235.jpg,0
cardboard236.jpg,0
cardboard237.jpg,0
cardboard238.jpg,0
cardboard239.jpg,0
cardboard240.jpg,0
cardboard241.jpg,0
cardboard242.jpg,0
cardboard243.jpg,0
cardboard244.jpg,0
cardboard245.jpg,0
cardboard246.jpg,0
cardboard247.jpg,0
cardboard248.jpg,0
cardboard249.jpg,0
cardboard250.jpg,0
cardboard251.jpg,0
cardboard252.jpg,0
cardboard253.jpg,0
cardboard254.jpg,0
cardboard255.jpg,0
cardboard256.jpg,0
cardboard257.jpg,0
cardboard258.jpg,0
cardboard259.jpg,0
cardboard260.jpg,0
cardboard261.jpg,0
cardboard262.jpg,0
cardboard263.jpg,0
cardboard264.jpg,0
cardboard265.jpg,0
cardboard266.jpg,0
cardboard267.jpg,0
cardboard268.jpg,0
cardboard269.jpg,0
cardboard270.jpg,0
cardboard271.jpg,0
cardboard272.jpg,0
cardboard273.jpg,0
cardboard274.jpg,0
cardboard275.jpg,0
cardboard276.jpg,0
cardboard277.jpg,0
cardboard278.jpg,0
cardboard279.jpg,0
cardboard280.jpg,0
cardboard281.jpg,0
cardboard282.jpg,0
cardboard283.jpg,0
cardboard284.jpg,0
cardboard285.jpg,0
cardboard286.jpg,0
cardboard287.jpg,0
cardboard288.jpg,0
cardboard289.jpg,0
cardboard290.jpg,0
cardboard291.jpg,0
cardboard292.jpg,0
cardboard293.jpg,0
cardboard294.jpg,0
cardboard295.jpg,0
cardboard296.jpg,0
cardboard297.jpg,0
cardboard298.jpg,0
cardboard299.jpg,0
cardboard300.jpg,0
cardboard301.jpg,0
cardboard302.jpg,0
cardboard303.jpg,0
cardboard304.jpg,0
cardboard305.jpg,0
cardboard306.jpg,0
cardboard307.jpg,0
cardboard308.jpg,0
cardboard309.jpg,0
cardboard310.jpg,0
cardboard311.jpg,0
cardboard312.jpg,0
cardboard313.jpg,0
cardboard314.jpg,0
cardboard315.jpg,0
cardboard316.jpg,0
cardboard317.jpg,0
cardboard318.jpg,0
cardboard319.jpg,0
cardboard320.jpg,0
cardboard321.jpg,0
cardboard322.jpg,0
cardboard323.jpg,0
cardboard324.jpg,0
cardboard325.jpg,0
cardboard326.jpg,0
cardboard327.jpg,0
cardboard328.jpg,0
cardboard329.jpg,0
cardboard330.jpg,0
cardboard331.jpg,0
cardboard332.jpg,0
cardboard333.jpg,0
cardboard334.jpg,0
cardboard335.jpg,0
cardboard336.jpg,0
cardboard337.jpg,0
cardboard338.jpg,0
cardboard339.jpg,0
cardboard340.jpg,0
cardboard341.jpg,0
cardboard342.jpg,0
cardboard343.jpg,0
cardboard344.jpg,0
cardboard345.jpg,0
cardboard346.jpg,0
cardboard347.jpg,0
cardboard348.jpg,0
cardboard349.jpg,0
cardboard350.jpg,0
cardboard351.jpg,0
cardboard352.jpg,0
cardboard353.jpg,0
cardboard354.jpg,0
cardboard355.jpg,0
cardboard356.jpg,0
cardboard357.jpg,0
cardboard358.jpg,0
cardboard359.jpg,0
cardboard360.jpg,0
cardboard361.jpg,0
cardboard362.jpg,0
cardboard363.jpg,0
cardboard364.jpg,0
cardboard365.jpg,0
cardboard366.jpg,0
cardboard367.jpg,0
cardboard368.jpg,0
cardboard369.jpg,0
cardboard370.jpg,0
cardboard371.jpg,0
cardboard372.jpg,0
cardboard373.jpg,0
cardboard374.jpg,0
cardboard375.jpg,0
cardboard376.jpg,0
cardboard377.jpg,0
cardboard378.jpg,0
cardboard379.jpg,0
cardboard380.jpg,0
cardboard381.jpg,0
cardboard382.jpg,0
cardboard383.jpg,0
cardboard384.jpg,0
cardboard385.jpg,0
cardboard386.jpg,0
cardboard387.jpg,0
cardboard388.jpg,0
cardboard389.jpg,0
cardboard390.jpg,0
cardboard391.jpg,0
cardboard392.jpg,0
cardboard393.jpg,0
cardboard394.jpg,0
cardboard395.jpg,0
cardboard396.jpg,0
cardboard397.jpg,0
cardboard398.jpg,0
cardboard399.jpg,0
cardboard400.jpg,0
cardboard401.jpg,0
cardboard402.jpg,0
cardboard403.jpg,0
glass1.jpg,1
glass2.jpg,1
glass3.jpg,1
glass4.jpg,1
glass5.jpg,1
glass6.jpg,1
glass7.jpg,1
glass8.jpg,1
glass9.jpg,1
glass10.jpg,1
glass11.jpg,1
glass12.jpg,1
glass13.jpg,1
glass14.jpg,1
glass15.jpg,1
glass16.jpg,1
glass17.jpg,1
glass18.jpg,1
glass19.jpg,1
glass20.jpg,1
glass21.jpg,1
glass22.jpg,1
glass23.jpg,1
glass24.jpg,1
glass25.jpg,1
glass26.jpg,1
glass27.jpg,1
glass28.jpg,1
glass29.jpg,1
glass30.jpg,1
glass31.jpg,1
glass32.jpg,1
glass33.jpg,1
glass34.jpg,1
glass35.jpg,1
glass36.jpg,1
glass37.jpg,1
glass38.jpg,1
glass39.jpg,1
glass40.jpg,1
glass41.jpg,1
glass42.jpg,1
glass43.jpg,1
glass44.jpg,1
glass45.jpg,1
glass46.jpg,1
glass47.jpg,1
glass48.jpg,1
glass49.jpg,1
glass50.jpg,1
glass51.jpg,1
glass52.jpg,1
glass53.jpg,1
glass54.jpg,1
glass55.jpg,1
glass56.jpg,1
glass57.jpg,1
glass58.jpg,1
glass59.jpg,1
glass60.jpg,1
glass61.jpg,1
glass62.jpg,1
glass63.jpg,1
glass64.jpg,1
glass65.jpg,1
glass66.jpg,1
glass67.jpg,1
glass68.jpg,1
glass69.jpg,1
glass70.jpg,1
glass71.jpg,1
glass72.jpg,1
glass73.jpg,1
glass74.jpg,1
glass75.jpg,1
glass76.jpg,1
glass77.jpg,1
glass78.jpg,1
glass79.jpg,1
glass80.jpg,1
glass81.jpg,1
glass82.jpg,1
glass83.jpg,1
glass84.jpg,1
glass85.jpg,1
glass86.jpg,1
glass87.jpg,1
glass88.jpg,1
glass89.jpg,1
glass90.jpg,1
glass91.jpg,1
glass92.jpg,1
glass93.jpg,1
glass94.jpg,1
glass95.jpg,1
glass96.jpg,1
glass97.jpg,1
glass98.jpg,1
glass99.jpg,1
glass100.jpg,1
glass101.jpg,1
glass102.jpg,1
glass103.jpg,1
glass104.jpg,1
glass105.jpg,1
glass106.jpg,1
glass107.jpg,1
glass108.jpg,1
glass109.jpg,1
glass110.jpg,1
glass111.jpg,1
glass112.jpg,1
glass113.jpg,1
glass114.jpg,1
glass115.jpg,1
glass116.jpg,1
glass117.jpg,1
glass118.jpg,1
glass119.jpg,1
glass120.jpg,1
glass121.jpg,1
glass122.jpg,1
glass123.jpg,1
glass124.jpg,1
glass125.jpg,1
glass126.jpg,1
glass127.jpg,1
glass128.jpg,1
glass129.jpg,1
glass130.jpg,1
glass131.jpg,1
glass132.jpg,1
glass133.jpg,1
glass134.jpg,1
glass135.jpg,1
glass136.jpg,1
glass137.jpg,1
glass138.jpg,1
glass139.jpg,1
glass140.jpg,1
glass141.jpg,1
glass142.jpg,1
glass143.jpg,1
glass144.jpg,1
glass145.jpg,1
glass146.jpg,1
glass147.jpg,1
glass148.jpg,1
glass149.jpg,1
glass150.jpg,1
glass151.jpg,1
glass152.jpg,1
glass153.jpg,1
glass154.jpg,1
glass155.jpg,1
glass156.jpg,1
glass157.jpg,1
glass158.jpg,1
glass159.jpg,1
glass160.jpg,1
glass161.jpg,1
glass162.jpg,1
glass163.jpg,1
glass164.jpg,1
glass165.jpg,1
glass166.jpg,1
glass167.jpg,1
glass168.jpg,1
glass169.jpg,1
glass170.jpg,1
glass171.jpg,1
glass172.jpg,1
glass173.jpg,1
glass174.jpg,1
glass175.jpg,1
glass176.jpg,1
glass177.jpg,1
glass178.jpg,1
glass179.jpg,1
glass180.jpg,1
glass181.jpg,1
glass182.jpg,1
glass183.jpg,1
glass184.jpg,1
glass185.jpg,1
glass186.jpg,1
glass187.jpg,1
glass188.jpg,1
glass189.jpg,1
glass190.jpg,1
glass191.jpg,1
glass192.jpg,1
glass193.jpg,1
glass194.jpg,1
glass195.jpg,1
glass196.jpg,1
glass197.jpg,1
glass198.jpg,1
glass199.jpg,1
glass200.jpg,1
glass201.jpg,1
glass202.jpg,1
glass203.jpg,1
glass204.jpg,1
glass205.jpg,1
glass206.jpg,1
glass207.jpg,1
glass208.jpg,1
glass209.jpg,1
glass210.jpg,1
glass211.jpg,1
glass212.jpg,1
glass213.jpg,1
glass214.jpg,1
glass215.jpg,1
glass216.jpg,1
glass217.jpg,1
glass218.jpg,1
glass219.jpg,1
glass220.jpg,1
glass221.jpg,1
glass222.jpg,1
glass223.jpg,1
glass224.jpg,1
glass225.jpg,1
glass226.jpg,1
glass227.jpg,1
glass228.jpg,1
glass229.jpg,1
glass230.jpg,1
glass231.jpg,1
glass232.jpg,1
glass233.jpg,1
glass234.jpg,1
glass235.jpg,1
glass236.jpg,1
glass237.jpg,1
glass238.jpg,1
glass239.jpg,1
glass240.jpg,1
glass241.jpg,1
glass242.jpg,1
glass243.jpg,1
glass244.jpg,1
glass245.jpg,1
glass246.jpg,1
glass247.jpg,1
glass248.jpg,1
glass249.jpg,1
glass250.jpg,1
glass251.jpg,1
glass252.jpg,1
glass253.jpg,1
glass254.jpg,1
glass255.jpg,1
glass256.jpg,1
glass257.jpg,1
glass258.jpg,1
glass259.jpg,1
glass260.jpg,1
glass261.jpg,1
glass262.jpg,1
glass263.jpg,1
glass264.jpg,1
glass265.jpg,1
glass266.jpg,1
glass267.jpg,1
glass268.jpg,1
glass269.jpg,1
glass270.jpg,1
glass271.jpg,1
glass272.jpg,1
glass273.jpg,1
glass274.jpg,1
glass275.jpg,1
glass276.jpg,1
glass277.jpg,1
glass278.jpg,1
glass279.jpg,1
glass280.jpg,1
glass281.jpg,1
glass282.jpg,1
glass283.jpg,1
glass284.jpg,1
glass285.jpg,1
glass286.jpg,1
glass287.jpg,1
glass288.jpg,1
glass289.jpg,1
glass290.jpg,1
glass291.jpg,1
glass292.jpg,1
glass293.jpg,1
glass294.jpg,1
glass295.jpg,1
glass296.jpg,1
glass297.jpg,1
glass298.jpg,1
glass299.jpg,1
glass300.jpg,1
glass301.jpg,1
glass302.jpg,1
glass303.jpg,1
glass304.jpg,1
glass305.jpg,1
glass306.jpg,1
glass307.jpg,1
glass308.jpg,1
glass309.jpg,1
glass310.jpg,1
glass311.jpg,1
glass312.jpg,1
glass313.jpg,1
glass314.jpg,1
glass315.jpg,1
glass316.jpg,1
glass317.jpg,1
glass318.jpg,1
glass319.jpg,1
glass320.jpg,1
glass321.jpg,1
glass322.jpg,1
glass323.jpg,1
glass324.jpg,1
glass325.jpg,1
glass326.jpg,1
glass327.jpg,1
glass328.jpg,1
glass329.jpg,1
glass330.jpg,1
glass331.jpg,1
glass332.jpg,1
glass333.jpg,1
glass334.jpg,1
glass335.jpg,1
glass336.jpg,1
glass337.jpg,1
glass338.jpg,1
glass339.jpg,1
glass340.jpg,1
glass341.jpg,1
glass342.jpg,1
glass343.jpg,1
glass344.jpg,1
glass345.jpg,1
glass346.jpg,1
glass347.jpg,1
glass348.jpg,1
glass349.jpg,1
glass350.jpg,1
glass351.jpg,1
glass352.jpg,1
glass353.jpg,1
glass354.jpg,1
glass355.jpg,1
glass356.jpg,1
glass357.jpg,1
glass358.jpg,1
glass359.jpg,1
glass360.jpg,1
glass361.jpg,1
glass362.jpg,1
glass363.jpg,1
glass364.jpg,1
glass365.jpg,1
glass366.jpg,1
glass367.jpg,1
glass368.jpg,1
glass369.jpg,1
glass370.jpg,1
glass371.jpg,1
glass372.jpg,1
glass373.jpg,1
glass374.jpg,1
glass375.jpg,1
glass376.jpg,1
glass377.jpg,1
glass378.jpg,1
glass379.jpg,1
glass380.jpg,1
glass381.jpg,1
glass382.jpg,1
glass383.jpg,1
glass384.jpg,1
glass385.jpg,1
glass386.jpg,1
glass387.jpg,1
glass388.jpg,1
glass389.jpg,1
glass390.jpg,1
glass391.jpg,1
glass392.jpg,1
glass393.jpg,1
glass394.jpg,1
glass395.jpg,1
glass396.jpg,1
glass397.jpg,1
glass398.jpg,1
glass399.jpg,1
glass400.jpg,1
glass401.jpg,1
glass402.jpg,1
glass403.jpg,1
glass404.jpg,1
glass405.jpg,1
glass406.jpg,1
glass407.jpg,1
glass408.jpg,1
glass409.jpg,1
glass410.jpg,1
glass411.jpg,1
glass412.jpg,1
glass413.jpg,1
glass414.jpg,1
glass415.jpg,1
glass416.jpg,1
glass417.jpg,1
glass418.jpg,1
glass419.jpg,1
glass420.jpg,1
glass421.jpg,1
glass422.jpg,1
glass423.jpg,1
glass424.jpg,1
glass425.jpg,1
glass426.jpg,1
glass427.jpg,1
glass428.jpg,1
glass429.jpg,1
glass430.jpg,1
glass431.jpg,1
glass432.jpg,1
glass433.jpg,1
glass434.jpg,1
glass435.jpg,1
glass436.jpg,1
glass437.jpg,1
glass438.jpg,1
glass439.jpg,1
glass440.jpg,1
glass441.jpg,1
glass442.jpg,1
glass443.jpg,1
glass444.jpg,1
glass445.jpg,1
glass446.jpg,1
glass447.jpg,1
glass448.jpg,1
glass449.jpg,1
glass450.jpg,1
glass451.jpg,1
glass452.jpg,1
glass453.jpg,1
glass454.jpg,1
glass455.jpg,1
glass456.jpg,1
glass457.jpg,1
glass458.jpg,1
glass459.jpg,1
glass460.jpg,1
glass461.jpg,1
glass462.jpg,1
glass463.jpg,1
glass464.jpg,1
glass465.jpg,1
glass466.jpg,1
glass467.jpg,1
glass468.jpg,1
glass469.jpg,1
glass470.jpg,1
glass471.jpg,1
glass472.jpg,1
glass473.jpg,1
glass474.jpg,1
glass475.jpg,1
glass476.jpg,1
glass477.jpg,1
glass478.jpg,1
glass479.jpg,1
glass480.jpg,1
glass481.jpg,1
glass482.jpg,1
glass483.jpg,1
glass484.jpg,1
glass485.jpg,1
glass486.jpg,1
glass487.jpg,1
glass488.jpg,1
glass489.jpg,1
glass490.jpg,1
glass491.jpg,1
glass492.jpg,1
glass493.jpg,1
glass494.jpg,1
glass495.jpg,1
glass496.jpg,1
glass497.jpg,1
glass498.jpg,1
glass499.jpg,1
glass500.jpg,1
glass501.jpg,1
metal1.jpg,2
metal2.jpg,2
metal3.jpg,2
metal4.jpg,2
metal5.jpg,2
metal6.jpg,2
metal7.jpg,2
metal8.jpg,2
metal9.jpg,2
metal10.jpg,2
metal11.jpg,2
metal12.jpg,2
metal13.jpg,2
metal14.jpg,2
metal15.jpg,2
metal16.jpg,2
metal17.jpg,2
metal18.jpg,2
metal19.jpg,2
metal20.jpg,2
metal21.jpg,2
metal22.jpg,2
metal23.jpg,2
metal24.jpg,2
metal25.jpg,2
metal26.jpg,2
metal27.jpg,2
metal28.jpg,2
metal29.jpg,2
metal30.jpg,2
metal31.jpg,2
metal32.jpg,2
metal33.jpg,2
metal34.jpg,2
metal35.jpg,2
metal36.jpg,2
metal37.jpg,2
metal38.jpg,2
metal39.jpg,2
metal40.jpg,2
metal41.jpg,2
metal42.jpg,2
metal43.jpg,2
metal44.jpg,2
metal45.jpg,2
metal46.jpg,2
metal47.jpg,2
metal48.jpg,2
metal49.jpg,2
metal50.jpg,2
metal51.jpg,2
metal52.jpg,2
metal53.jpg,2
metal54.jpg,2
metal55.jpg,2
metal56.jpg,2
metal57.jpg,2
metal58.jpg,2
metal59.jpg,2
metal60.jpg,2
metal61.jpg,2
metal62.jpg,2
metal63.jpg,2
metal64.jpg,2
metal65.jpg,2
metal66.jpg,2
metal67.jpg,2
metal68.jpg,2
metal69.jpg,2
metal70.jpg,2
metal71.jpg,2
metal72.jpg,2
metal73.jpg,2
metal74.jpg,2
metal75.jpg,2
metal76.jpg,2
metal77.jpg,2
metal78.jpg,2
metal79.jpg,2
metal80.jpg,2
metal81.jpg,2
metal82.jpg,2
metal83.jpg,2
metal84.jpg,2
metal85.jpg,2
metal86.jpg,2
metal87.jpg,2
metal88.jpg,2
metal89.jpg,2
metal90.jpg,2
metal91.jpg,2
metal92.jpg,2
metal93.jpg,2
metal94.jpg,2
metal95.jpg,2
metal96.jpg,2
metal97.jpg,2
metal98.jpg,2
metal99.jpg,2
metal100.jpg,2
metal101.jpg,2
metal102.jpg,2
metal103.jpg,2
metal104.jpg,2
metal105.jpg,2
metal106.jpg,2
metal107.jpg,2
metal108.jpg,2
metal109.jpg,2
metal110.jpg,2
metal111.jpg,2
metal112.jpg,2
metal113.jpg,2
metal114.jpg,2
metal115.jpg,2
metal116.jpg,2
metal117.jpg,2
metal118.jpg,2
metal119.jpg,2
metal120.jpg,2
metal121.jpg,2
metal122.jpg,2
metal123.jpg,2
metal124.jpg,2
metal125.jpg,2
metal126.jpg,2
metal127.jpg,2
metal128.jpg,2
metal129.jpg,2
metal130.jpg,2
metal131.jpg,2
metal132.jpg,2
metal133.jpg,2
metal134.jpg,2
metal135.jpg,2
metal136.jpg,2
metal137.jpg,2
metal138.jpg,2
metal139.jpg,2
metal140.jpg,2
metal141.jpg,2
metal142.jpg,2
metal143.jpg,2
metal144.jpg,2
metal145.jpg,2
metal146.jpg,2
metal147.jpg,2
metal148.jpg,2
metal149.jpg,2
metal150.jpg,2
metal151.jpg,2
metal152.jpg,2
metal153.jpg,2
metal154.jpg,2
metal155.jpg,2
metal156.jpg,2
metal157.jpg,2
metal158.jpg,2
metal159.jpg,2
metal160.jpg,2
metal161.jpg,2
metal162.jpg,2
metal163.jpg,2
metal164.jpg,2
metal165.jpg,2
metal166.jpg,2
metal167.jpg,2
metal168.jpg,2
metal169.jpg,2
metal170.jpg,2
metal171.jpg,2
metal172.jpg,2
metal173.jpg,2
metal174.jpg,2
metal175.jpg,2
metal176.jpg,2
metal177.jpg,2
metal178.jpg,2
metal179.jpg,2
metal180.jpg,2
metal181.jpg,2
metal182.jpg,2
metal183.jpg,2
metal184.jpg,2
metal185.jpg,2
metal186.jpg,2
metal187.jpg,2
metal188.jpg,2
metal189.jpg,2
metal190.jpg,2
metal191.jpg,2
metal192.jpg,2
metal193.jpg,2
metal194.jpg,2
metal195.jpg,2
metal196.jpg,2
metal197.jpg,2
metal198.jpg,2
metal199.jpg,2
metal200.jpg,2
metal201.jpg,2
metal202.jpg,2
metal203.jpg,2
metal204.jpg,2
metal205.jpg,2
metal206.jpg,2
metal207.jpg,2
metal208.jpg,2
metal209.jpg,2
metal210.jpg,2
metal211.jpg,2
metal212.jpg,2
metal213.jpg,2
metal214.jpg,2
metal215.jpg,2
metal216.jpg,2
metal217.jpg,2
metal218.jpg,2
metal219.jpg,2
metal220.jpg,2
metal221.jpg,2
metal222.jpg,2
metal223.jpg,2
metal224.jpg,2
metal225.jpg,2
metal226.jpg,2
metal227.jpg,2
metal228.jpg,2
metal229.jpg,2
metal230.jpg,2
metal231.jpg,2
metal232.jpg,2
metal233.jpg,2
metal234.jpg,2
metal235.jpg,2
metal236.jpg,2
metal237.jpg,2
metal238.jpg,2
metal239.jpg,2
metal240.jpg,2
metal241.jpg,2
metal242.jpg,2
metal243.jpg,2
metal244.jpg,2
metal245.jpg,2
metal246.jpg,2
metal247.jpg,2
metal248.jpg,2
metal249.jpg,2
metal250.jpg,2
metal251.jpg,2
metal252.jpg,2
metal253.jpg,2
metal254.jpg,2
metal255.jpg,2
metal256.jpg,2
metal257.jpg,2
metal258.jpg,2
metal259.jpg,2
metal260.jpg,2
metal261.jpg,2
metal262.jpg,2
metal263.jpg,2
metal264.jpg,2
metal265.jpg,2
metal266.jpg,2
metal267.jpg,2
metal268.jpg,2
metal269.jpg,2
metal270.jpg,2
metal271.jpg,2
metal272.jpg,2
metal273.jpg,2
metal274.jpg,2
metal275.jpg,2
metal276.jpg,2
metal277.jpg,2
metal278.jpg,2
metal279.jpg,2
metal280.jpg,2
metal281.jpg,2
metal282.jpg,2
metal283.jpg,2
metal284.jpg,2
metal285.jpg,2
metal286.jpg,2
metal287.jpg,2
metal288.jpg,2
metal289.jpg,2
metal290.jpg,2
metal291.jpg,2
metal292.jpg,2
metal293.jpg,2
metal294.jpg,2
metal295.jpg,2
metal296.jpg,2
metal297.jpg,2
metal298.jpg,2
metal299.jpg,2
metal300.jpg,2
metal301.jpg,2
metal302.jpg,2
metal303.jpg,2
metal304.jpg,2
metal305.jpg,2
metal306.jpg,2
metal307.jpg,2
metal308.jpg,2
metal309.jpg,2
metal310.jpg,2
metal311.jpg,2
metal312.jpg,2
metal313.jpg,2
metal314.jpg,2
metal315.jpg,2
metal316.jpg,2
metal317.jpg,2
metal318.jpg,2
metal319.jpg,2
metal320.jpg,2
metal321.jpg,2
metal322.jpg,2
metal323.jpg,2
metal324.jpg,2
metal325.jpg,2
metal326.jpg,2
metal327.jpg,2
metal328.jpg,2
metal329.jpg,2
metal330.jpg,2
metal331.jpg,2
metal332.jpg,2
metal333.jpg,2
metal334.jpg,2
metal335.jpg,2
metal336.jpg,2
metal337.jpg,2
metal338.jpg,2
metal339.jpg,2
metal340.jpg,2
metal341.jpg,2
metal342.jpg,2
metal343.jpg,2
metal344.jpg,2
metal345.jpg,2
metal346.jpg,2
metal347.jpg,2
metal348.jpg,2
metal349.jpg,2
metal350.jpg,2
metal351.jpg,2
metal352.jpg,2
metal353.jpg,2
metal354.jpg,2
metal355.jpg,2
metal356.jpg,2
metal357.jpg,2
metal358.jpg,2
metal359.jpg,2
metal360.jpg,2
metal361.jpg,2
metal362.jpg,2
metal363.jpg,2
metal364.jpg,2
metal365.jpg,2
metal366.jpg,2
metal367.jpg,2
metal368.jpg,2
metal369.jpg,2
metal370.jpg,2
metal371.jpg,2
metal372.jpg,2
metal373.jpg,2
metal374.jpg,2
metal375.jpg,2
metal376.jpg,2
metal377.jpg,2
metal378.jpg,2
metal379.jpg,2
metal380.jpg,2
metal381.jpg,2
metal382.jpg,2
metal383.jpg,2
metal384.jpg,2
metal385.jpg,2
metal386.jpg,2
metal387.jpg,2
metal388.jpg,2
metal389.jpg,2
metal390.jpg,2
metal391.jpg,2
metal392.jpg,2
metal393.jpg,2
metal394.jpg,2
metal395.jpg,2
metal396.jpg,2
metal397.jpg,2
metal398.jpg,2
metal399.jpg,2
metal400.jpg,2
metal401.jpg,2
metal402.jpg,2
metal403.jpg,2
metal404.jpg,2
metal405.jpg,2
metal406.jpg,2
metal407.jpg,2
metal408.jpg,2
metal409.jpg,2
metal410.jpg,2
paper1.jpg,3
paper2.jpg,3
paper3.jpg,3
paper4.jpg,3
paper5.jpg,3
paper6.jpg,3
paper7.jpg,3
paper8.jpg,3
paper9.jpg,3
paper10.jpg,3
paper11.jpg,3
paper12.jpg,3
paper13.jpg,3
paper14.jpg,3
paper15.jpg,3
paper16.jpg,3
paper17.jpg,3
paper18.jpg,3
paper19.jpg,3
paper20.jpg,3
paper21.jpg,3
paper22.jpg,3
paper23.jpg,3
paper24.jpg,3
paper25.jpg,3
paper26.jpg,3
paper27.jpg,3
paper28.jpg,3
paper29.jpg,3
paper30.jpg,3
paper31.jpg,3
paper32.jpg,3
paper33.jpg,3
paper34.jpg,3
paper35.jpg,3
paper36.jpg,3
paper37.jpg,3
paper38.jpg,3
paper39.jpg,3
paper40.jpg,3
paper41.jpg,3
paper42.jpg,3
paper43.jpg,3
paper44.jpg,3
paper45.jpg,3
paper46.jpg,3
paper47.jpg,3
paper48.jpg,3
paper49.jpg,3
paper50.jpg,3
paper51.jpg,3
paper52.jpg,3
paper53.jpg,3
paper54.jpg,3
paper55.jpg,3
paper56.jpg,3
paper57.jpg,3
paper58.jpg,3
paper59.jpg,3
paper60.jpg,3
paper61.jpg,3
paper62.jpg,3
paper63.jpg,3
paper64.jpg,3
paper65.jpg,3
paper66.jpg,3
paper67.jpg,3
paper68.jpg,3
paper69.jpg,3
paper70.jpg,3
paper71.jpg,3
paper72.jpg,3
paper73.jpg,3
paper74.jpg,3
paper75.jpg,3
paper76.jpg,3
paper77.jpg,3
paper78.jpg,3
paper79.jpg,3
paper80.jpg,3
paper81.jpg,3
paper82.jpg,3
paper83.jpg,3
paper84.jpg,3
paper85.jpg,3
paper86.jpg,3
paper87.jpg,3
paper88.jpg,3
paper89.jpg,3
paper90.jpg,3
paper91.jpg,3
paper92.jpg,3
paper93.jpg,3
paper94.jpg,3
paper95.jpg,3
paper96.jpg,3
paper97.jpg,3
paper98.jpg,3
paper99.jpg,3
paper100.jpg,3
paper101.jpg,3
paper102.jpg,3
paper103.jpg,3
paper104.jpg,3
paper105.jpg,3
paper106.jpg,3
paper107.jpg,3
paper108.jpg,3
paper109.jpg,3
paper110.jpg,3
paper111.jpg,3
paper112.jpg,3
paper113.jpg,3
paper114.jpg,3
paper115.jpg,3
paper116.jpg,3
paper117.jpg,3
paper118.jpg,3
paper119.jpg,3
paper120.jpg,3
paper121.jpg,3
paper122.jpg,3
paper123.jpg,3
paper124.jpg,3
paper125.jpg,3
paper126.jpg,3
paper127.jpg,3
paper128.jpg,3
paper129.jpg,3
paper130.jpg,3
paper131.jpg,3
paper132.jpg,3
paper133.jpg,3
paper134.jpg,3
paper135.jpg,3
paper136.jpg,3
paper137.jpg,3
paper138.jpg,3
paper139.jpg,3
paper140.jpg,3
paper141.jpg,3
paper142.jpg,3
paper143.jpg,3
paper144.jpg,3
paper145.jpg,3
paper146.jpg,3
paper147.jpg,3
paper148.jpg,3
paper149.jpg,3
paper150.jpg,3
paper151.jpg,3
paper152.jpg,3
paper153.jpg,3
paper154.jpg,3
paper155.jpg,3
paper156.jpg,3
paper157.jpg,3
paper158.jpg,3
paper159.jpg,3
paper160.jpg,3
paper161.jpg,3
paper162.jpg,3
paper163.jpg,3
paper164.jpg,3
paper165.jpg,3
paper166.jpg,3
paper167.jpg,3
paper168.jpg,3
paper169.jpg,3
paper170.jpg,3
paper171.jpg,3
paper172.jpg,3
paper173.jpg,3
paper174.jpg,3
paper175.jpg,3
paper176.jpg,3
paper177.jpg,3
paper178.jpg,3
paper179.jpg,3
paper180.jpg,3
paper181.jpg,3
paper182.jpg,3
paper183.jpg,3
paper184.jpg,3
paper185.jpg,3
paper186.jpg,3
paper187.jpg,3
paper188.jpg,3
paper189.jpg,3
paper190.jpg,3
paper191.jpg,3
paper192.jpg,3
paper193.jpg,3
paper194.jpg,3
paper195.jpg,3
paper196.jpg,3
paper197.jpg,3
paper198.jpg,3
paper199.jpg,3
paper200.jpg,3
paper201.jpg,3
paper202.jpg,3
paper203.jpg,3
paper204.jpg,3
paper205.jpg,3
paper206.jpg,3
paper207.jpg,3
paper208.jpg,3
paper209.jpg,3
paper210.jpg,3
paper211.jpg,3
paper212.jpg,3
paper213.jpg,3
paper214.jpg,3
paper215.jpg,3
paper216.jpg,3
paper217.jpg,3
paper218.jpg,3
paper219.jpg,3
paper220.jpg,3
paper221.jpg,3
paper222.jpg,3
paper223.jpg,3
paper224.jpg,3
paper225.jpg,3
paper226.jpg,3
paper227.jpg,3
paper228.jpg,3
paper229.jpg,3
paper230.jpg,3
paper231.jpg,3
paper232.jpg,3
paper233.jpg,3
paper234.jpg,3
paper235.jpg,3
paper236.jpg,3
paper237.jpg,3
paper238.jpg,3
paper239.jpg,3
paper240.jpg,3
paper241.jpg,3
paper242.jpg,3
paper243.jpg,3
paper244.jpg,3
paper245.jpg,3
paper246.jpg,3
paper247.jpg,3
paper248.jpg,3
paper249.jpg,3
paper250.jpg,3
paper251.jpg,3
paper252.jpg,3
paper253.jpg,3
paper254.jpg,3
paper255.jpg,3
paper256.jpg,3
paper257.jpg,3
paper258.jpg,3
paper259.jpg,3
paper260.jpg,3
paper261.jpg,3
paper262.jpg,3
paper263.jpg,3
paper264.jpg,3
paper265.jpg,3
paper266.jpg,3
paper267.jpg,3
paper268.jpg,3
paper269.jpg,3
paper270.jpg,3
paper271.jpg,3
paper272.jpg,3
paper273.jpg,3
paper274.jpg,3
paper275.jpg,3
paper276.jpg,3
paper277.jpg,3
paper278.jpg,3
paper279.jpg,3
paper280.jpg,3
paper281.jpg,3
paper282.jpg,3
paper283.jpg,3
paper284.jpg,3
paper285.jpg,3
paper286.jpg,3
paper287.jpg,3
paper288.jpg,3
paper289.jpg,3
paper290.jpg,3
paper291.jpg,3
paper292.jpg,3
paper293.jpg,3
paper294.jpg,3
paper295.jpg,3
paper296.jpg,3
paper297.jpg,3
paper298.jpg,3
paper299.jpg,3
paper300.jpg,3
paper301.jpg,3
paper302.jpg,3
paper303.jpg,3
paper304.jpg,3
paper305.jpg,3
paper306.jpg,3
paper307.jpg,3
paper308.jpg,3
paper309.jpg,3
paper310.jpg,3
paper311.jpg,3
paper312.jpg,3
paper313.jpg,3
paper314.jpg,3
paper315.jpg,3
paper316.jpg,3
paper317.jpg,3
paper318.jpg,3
paper319.jpg,3
paper320.jpg,3
paper321.jpg,3
paper322.jpg,3
paper323.jpg,3
paper324.jpg,3
paper325.jpg,3
paper326.jpg,3
paper327.jpg,3
paper328.jpg,3
paper329.jpg,3
paper330.jpg,3
paper331.jpg,3
paper332.jpg,3
paper333.jpg,3
paper334.jpg,3
paper335.jpg,3
paper336.jpg,3
paper337.jpg,3
paper338.jpg,3
paper339.jpg,3
paper340.jpg,3
paper341.jpg,3
paper342.jpg,3
paper343.jpg,3
paper344.jpg,3
paper345.jpg,3
paper346.jpg,3
paper347.jpg,3
paper348.jpg,3
paper349.jpg,3
paper350.jpg,3
paper351.jpg,3
paper352.jpg,3
paper353.jpg,3
paper354.jpg,3
paper355.jpg,3
paper356.jpg,3
paper357.jpg,3
paper358.jpg,3
paper359.jpg,3
paper360.jpg,3
paper361.jpg,3
paper362.jpg,3
paper363.jpg,3
paper364.jpg,3
paper365.jpg,3
paper366.jpg,3
paper367.jpg,3
paper368.jpg,3
paper369.jpg,3
paper370.jpg,3
paper371.jpg,3
paper372.jpg,3
paper373.jpg,3
paper374.jpg,3
paper375.jpg,3
paper376.jpg,3
paper377.jpg,3
paper378.jpg,3
paper379.jpg,3
paper380.jpg,3
paper381.jpg,3
paper382.jpg,3
paper383.jpg,3
paper384.jpg,3
paper385.jpg,3
paper386.jpg,3
paper387.jpg,3
paper388.jpg,3
paper389.jpg,3
paper390.jpg,3
paper391.jpg,3
paper392.jpg,3
paper393.jpg,3
paper394.jpg,3
paper395.jpg,3
paper396.jpg,3
paper397.jpg,3
paper398.jpg,3
paper399.jpg,3
paper400.jpg,3
paper401.jpg,3
paper402.jpg,3
paper403.jpg,3
paper404.jpg,3
paper405.jpg,3
paper406.jpg,3
paper407.jpg,3
paper408.jpg,3
paper409.jpg,3
paper410.jpg,3
paper411.jpg,3
paper412.jpg,3
paper413.jpg,3
paper414.jpg,3
paper415.jpg,3
paper416.jpg,3
paper417.jpg,3
paper418.jpg,3
paper419.jpg,3
paper420.jpg,3
paper421.jpg,3
paper422.jpg,3
paper423.jpg,3
paper424.jpg,3
paper425.jpg,3
paper426.jpg,3
paper427.jpg,3
paper428.jpg,3
paper429.jpg,3
paper430.jpg,3
paper431.jpg,3
paper432.jpg,3
paper433.jpg,3
paper434.jpg,3
paper435.jpg,3
paper436.jpg,3
paper437.jpg,3
paper438.jpg,3
paper439.jpg,3
paper440.jpg,3
paper441.jpg,3
paper442.jpg,3
paper443.jpg,3
paper444.jpg,3
paper445.jpg,3
paper446.jpg,3
paper447.jpg,3
paper448.jpg,3
paper449.jpg,3
paper450.jpg,3
paper451.jpg,3
paper452.jpg,3
paper453.jpg,3
paper454.jpg,3
paper455.jpg,3
paper456.jpg,3
paper457.jpg,3
paper458.jpg,3
paper459.jpg,3
paper460.jpg,3
paper461.jpg,3
paper462.jpg,3
paper463.jpg,3
paper464.jpg,3
paper465.jpg,3
paper466.jpg,3
paper467.jpg,3
paper468.jpg,3
paper469.jpg,3
paper470.jpg,3
paper471.jpg,3
paper472.jpg,3
paper473.jpg,3
paper474.jpg,3
paper475.jpg,3
paper476.jpg,3
paper477.jpg,3
paper478.jpg,3
paper479.jpg,3
paper480.jpg,3
paper481.jpg,3
paper482.jpg,3
paper483.jpg,3
paper484.jpg,3
paper485.jpg,3
paper486.jpg,3
paper487.jpg,3
paper488.jpg,3
paper489.jpg,3
paper490.jpg,3
paper491.jpg,3
paper492.jpg,3
paper493.jpg,3
paper494.jpg,3
paper495.jpg,3
paper496.jpg,3
paper497.jpg,3
paper498.jpg,3
paper499.jpg,3
paper500.jpg,3
paper501.jpg,3
paper502.jpg,3
paper503.jpg,3
paper504.jpg,3
paper505.jpg,3
paper506.jpg,3
paper507.jpg,3
paper508.jpg,3
paper509.jpg,3
paper510.jpg,3
paper511.jpg,3
paper512.jpg,3
paper513.jpg,3
paper514.jpg,3
paper515.jpg,3
paper516.jpg,3
paper517.jpg,3
paper518.jpg,3
paper519.jpg,3
paper520.jpg,3
paper521.jpg,3
paper522.jpg,3
paper523.jpg,3
paper524.jpg,3
paper525.jpg,3
paper526.jpg,3
paper527.jpg,3
paper528.jpg,3
paper529.jpg,3
paper530.jpg,3
paper531.jpg,3
paper532.jpg,3
paper533.jpg,3
paper534.jpg,3
paper535.jpg,3
paper536.jpg,3
paper537.jpg,3
paper538.jpg,3
paper539.jpg,3
paper540.jpg,3
paper541.jpg,3
paper542.jpg,3
paper543.jpg,3
paper544.jpg,3
paper545.jpg,3
paper546.jpg,3
paper547.jpg,3
paper548.jpg,3
paper549.jpg,3
paper550.jpg,3
paper551.jpg,3
paper552.jpg,3
paper553.jpg,3
paper554.jpg,3
paper555.jpg,3
paper556.jpg,3
paper557.jpg,3
paper558.jpg,3
paper559.jpg,3
paper560.jpg,3
paper561.jpg,3
paper562.jpg,3
paper563.jpg,3
paper564.jpg,3
paper565.jpg,3
paper566.jpg,3
paper567.jpg,3
paper568.jpg,3
paper569.jpg,3
paper570.jpg,3
paper571.jpg,3
paper572.jpg,3
paper573.jpg,3
paper574.jpg,3
paper575.jpg,3
paper576.jpg,3
paper577.jpg,3
paper578.jpg,3
paper579.jpg,3
paper580.jpg,3
paper581.jpg,3
paper582.jpg,3
paper583.jpg,3
paper584.jpg,3
paper585.jpg,3
paper586.jpg,3
paper587.jpg,3
paper588.jpg,3
paper589.jpg,3
paper590.jpg,3
paper591.jpg,3
paper592.jpg,3
paper593.jpg,3
paper594.jpg,3
plastic1.jpg,4
plastic2.jpg,4
plastic3.jpg,4
plastic4.jpg,4
plastic5.jpg,4
plastic6.jpg,4
plastic7.jpg,4
plastic8.jpg,4
plastic9.jpg,4
plastic10.jpg,4
plastic11.jpg,4
plastic12.jpg,4
plastic13.jpg,4
plastic14.jpg,4
plastic15.jpg,4
plastic16.jpg,4
plastic17.jpg,4
plastic18.jpg,4
plastic19.jpg,4
plastic20.jpg,4
plastic21.jpg,4
plastic22.jpg,4
plastic23.jpg,4
plastic24.jpg,4
plastic25.jpg,4
plastic26.jpg,4
plastic27.jpg,4
plastic28.jpg,4
plastic29.jpg,4
plastic30.jpg,4
plastic31.jpg,4
plastic32.jpg,4
plastic33.jpg,4
plastic34.jpg,4
plastic35.jpg,4
plastic36.jpg,4
plastic37.jpg,4
plastic38.jpg,4
plastic39.jpg,4
plastic40.jpg,4
plastic41.jpg,4
plastic42.jpg,4
plastic43.jpg,4
plastic44.jpg,4
plastic45.jpg,4
plastic46.jpg,4
plastic47.jpg,4
plastic48.jpg,4
plastic49.jpg,4
plastic50.jpg,4
plastic51.jpg,4
plastic52.jpg,4
plastic53.jpg,4
plastic54.jpg,4
plastic55.jpg,4
plastic56.jpg,4
plastic57.jpg,4
plastic58.jpg,4
plastic59.jpg,4
plastic60.jpg,4
plastic61.jpg,4
plastic62.jpg,4
plastic63.jpg,4
plastic64.jpg,4
plastic65.jpg,4
plastic66.jpg,4
plastic67.jpg,4
plastic68.jpg,4
plastic69.jpg,4
plastic70.jpg,4
plastic71.jpg,4
plastic72.jpg,4
plastic73.jpg,4
plastic74.jpg,4
plastic75.jpg,4
plastic76.jpg,4
plastic77.jpg,4
plastic78.jpg,4
plastic79.jpg,4
plastic80.jpg,4
plastic81.jpg,4
plastic82.jpg,4
plastic83.jpg,4
plastic84.jpg,4
plastic85.jpg,4
plastic86.jpg,4
plastic87.jpg,4
plastic88.jpg,4
plastic89.jpg,4
plastic90.jpg,4
plastic91.jpg,4
plastic92.jpg,4
plastic93.jpg,4
plastic94.jpg,4
plastic95.jpg,4
plastic96.jpg,4
plastic97.jpg,4
plastic98.jpg,4
plastic99.jpg,4
plastic100.jpg,4
plastic101.jpg,4
plastic102.jpg,4
plastic103.jpg,4
plastic104.jpg,4
plastic105.jpg,4
plastic106.jpg,4
plastic107.jpg,4
plastic108.jpg,4
plastic109.jpg,4
plastic110.jpg,4
plastic111.jpg,4
plastic112.jpg,4
plastic113.jpg,4
plastic114.jpg,4
plastic115.jpg,4
plastic116.jpg,4
plastic117.jpg,4
plastic118.jpg,4
plastic119.jpg,4
plastic120.jpg,4
plastic121.jpg,4
plastic122.jpg,4
plastic123.jpg,4
plastic124.jpg,4
plastic125.jpg,4
plastic126.jpg,4
plastic127.jpg,4
plastic128.jpg,4
plastic129.jpg,4
plastic130.jpg,4
plastic131.jpg,4
plastic132.jpg,4
plastic133.jpg,4
plastic134.jpg,4
plastic135.jpg,4
plastic136.jpg,4
plastic137.jpg,4
plastic138.jpg,4
plastic139.jpg,4
plastic140.jpg,4
plastic141.jpg,4
plastic142.jpg,4
plastic143.jpg,4
plastic144.jpg,4
plastic145.jpg,4
plastic146.jpg,4
plastic147.jpg,4
plastic148.jpg,4
plastic149.jpg,4
plastic150.jpg,4
plastic151.jpg,4
plastic152.jpg,4
plastic153.jpg,4
plastic154.jpg,4
plastic155.jpg,4
plastic156.jpg,4
plastic157.jpg,4
plastic158.jpg,4
plastic159.jpg,4
plastic160.jpg,4
plastic161.jpg,4
plastic162.jpg,4
plastic163.jpg,4
plastic164.jpg,4
plastic165.jpg,4
plastic166.jpg,4
plastic167.jpg,4
plastic168.jpg,4
plastic169.jpg,4
plastic170.jpg,4
plastic171.jpg,4
plastic172.jpg,4
plastic173.jpg,4
plastic174.jpg,4
plastic175.jpg,4
plastic176.jpg,4
plastic177.jpg,4
plastic178.jpg,4
plastic179.jpg,4
plastic180.jpg,4
plastic181.jpg,4
plastic182.jpg,4
plastic183.jpg,4
plastic184.jpg,4
plastic185.jpg,4
plastic186.jpg,4
plastic187.jpg,4
plastic188.jpg,4
plastic189.jpg,4
plastic190.jpg,4
plastic191.jpg,4
plastic192.jpg,4
plastic193.jpg,4
plastic194.jpg,4
plastic195.jpg,4
plastic196.jpg,4
plastic197.jpg,4
plastic198.jpg,4
plastic199.jpg,4
plastic200.jpg,4
plastic201.jpg,4
plastic202.jpg,4
plastic203.jpg,4
plastic204.jpg,4
plastic205.jpg,4
plastic206.jpg,4
plastic207.jpg,4
plastic208.jpg,4
plastic209.jpg,4
plastic210.jpg,4
plastic211.jpg,4
plastic212.jpg,4
plastic213.jpg,4
plastic214.jpg,4
plastic215.jpg,4
plastic216.jpg,4
plastic217.jpg,4
plastic218.jpg,4
plastic219.jpg,4
plastic220.jpg,4
plastic221.jpg,4
plastic222.jpg,4
plastic223.jpg,4
plastic224.jpg,4
plastic225.jpg,4
plastic226.jpg,4
plastic227.jpg,4
plastic228.jpg,4
plastic229.jpg,4
plastic230.jpg,4
plastic231.jpg,4
plastic232.jpg,4
plastic233.jpg,4
plastic234.jpg,4
plastic235.jpg,4
plastic236.jpg,4
plastic237.jpg,4
plastic238.jpg,4
plastic239.jpg,4
plastic240.jpg,4
plastic241.jpg,4
plastic242.jpg,4
plastic243.jpg,4
plastic244.jpg,4
plastic245.jpg,4
plastic246.jpg,4
plastic247.jpg,4
plastic248.jpg,4
plastic249.jpg,4
plastic250.jpg,4
plastic251.jpg,4
plastic252.jpg,4
plastic253.jpg,4
plastic254.jpg,4
plastic255.jpg,4
plastic256.jpg,4
plastic257.jpg,4
plastic258.jpg,4
plastic259.jpg,4
plastic260.jpg,4
plastic261.jpg,4
plastic262.jpg,4
plastic263.jpg,4
plastic264.jpg,4
plastic265.jpg,4
plastic266.jpg,4
plastic267.jpg,4
plastic268.jpg,4
plastic269.jpg,4
plastic270.jpg,4
plastic271.jpg,4
plastic272.jpg,4
plastic273.jpg,4
plastic274.jpg,4
plastic275.jpg,4
plastic276.jpg,4
plastic277.jpg,4
plastic278.jpg,4
plastic279.jpg,4
plastic280.jpg,4
plastic281.jpg,4
plastic282.jpg,4
plastic283.jpg,4
plastic284.jpg,4
plastic285.jpg,4
plastic286.jpg,4
plastic287.jpg,4
plastic288.jpg,4
plastic289.jpg,4
plastic290.jpg,4
plastic291.jpg,4
plastic292.jpg,4
plastic293.jpg,4
plastic294.jpg,4
plastic295.jpg,4
plastic296.jpg,4
plastic297.jpg,4
plastic298.jpg,4
plastic299.jpg,4
plastic300.jpg,4
plastic301.jpg,4
plastic302.jpg,4
plastic303.jpg,4
plastic304.jpg,4
plastic305.jpg,4
plastic306.jpg,4
plastic307.jpg,4
plastic308.jpg,4
plastic309.jpg,4
plastic310.jpg,4
plastic311.jpg,4
plastic312.jpg,4
plastic313.jpg,4
plastic314.jpg,4
plastic315.jpg,4
plastic316.jpg,4
plastic317.jpg,4
plastic318.jpg,4
plastic319.jpg,4
plastic320.jpg,4
plastic321.jpg,4
plastic322.jpg,4
plastic323.jpg,4
plastic324.jpg,4
plastic325.jpg,4
plastic326.jpg,4
plastic327.jpg,4
plastic328.jpg,4
plastic329.jpg,4
plastic330.jpg,4
plastic331.jpg,4
plastic332.jpg,4
plastic333.jpg,4
plastic334.jpg,4
plastic335.jpg,4
plastic336.jpg,4
plastic337.jpg,4
plastic338.jpg,4
plastic339.jpg,4
plastic340.jpg,4
plastic341.jpg,4
plastic342.jpg,4
plastic343.jpg,4
plastic344.jpg,4
plastic345.jpg,4
plastic346.jpg,4
plastic347.jpg,4
plastic348.jpg,4
plastic349.jpg,4
plastic350.jpg,4
plastic351.jpg,4
plastic352.jpg,4
plastic353.jpg,4
plastic354.jpg,4
plastic355.jpg,4
plastic356.jpg,4
plastic357.jpg,4
plastic358.jpg,4
plastic359.jpg,4
plastic360.jpg,4
plastic361.jpg,4
plastic362.jpg,4
plastic363.jpg,4
plastic364.jpg,4
plastic365.jpg,4
plastic366.jpg,4
plastic367.jpg,4
plastic368.jpg,4
plastic369.jpg,4
plastic370.jpg,4
plastic371.jpg,4
plastic372.jpg,4
plastic373.jpg,4
plastic374.jpg,4
plastic375.jpg,4
plastic376.jpg,4
plastic377.jpg,4
plastic378.jpg,4
plastic379.jpg,4
plastic380.jpg,4
plastic381.jpg,4
plastic382.jpg,4
plastic383.jpg,4
plastic384.jpg,4
plastic385.jpg,4
plastic386.jpg,4
plastic387.jpg,4
plastic388.jpg,4
plastic389.jpg,4
plastic390.jpg,4
plastic391.jpg,4
plastic392.jpg,4
plastic393.jpg,4
plastic394.jpg,4
plastic395.jpg,4
plastic396.jpg,4
plastic397.jpg,4
plastic398.jpg,4
plastic399.jpg,4
plastic400.jpg,4
plastic401.jpg,4
plastic402.jpg,4
plastic403.jpg,4
plastic404.jpg,4
plastic405.jpg,4
plastic406.jpg,4
plastic407.jpg,4
plastic408.jpg,4
plastic409.jpg,4
plastic410.jpg,4
plastic411.jpg,4
plastic412.jpg,4
plastic413.jpg,4
plastic414.jpg,4
plastic415.jpg,4
plastic416.jpg,4
plastic417.jpg,4
plastic418.jpg,4
plastic419.jpg,4
plastic420.jpg,4
plastic421.jpg,4
plastic422.jpg,4
plastic423.jpg,4
plastic424.jpg,4
plastic425.jpg,4
plastic426.jpg,4
plastic427.jpg,4
plastic428.jpg,4
plastic429.jpg,4
plastic430.jpg,4
plastic431.jpg,4
plastic432.jpg,4
plastic433.jpg,4
plastic434.jpg,4
plastic435.jpg,4
plastic436.jpg,4
plastic437.jpg,4
plastic438.jpg,4
plastic439.jpg,4
plastic440.jpg,4
plastic441.jpg,4
plastic442.jpg,4
plastic443.jpg,4
plastic444.jpg,4
plastic445.jpg,4
plastic446.jpg,4
plastic447.jpg,4
plastic448.jpg,4
plastic449.jpg,4
plastic450.jpg,4
plastic451.jpg,4
plastic452.jpg,4
plastic453.jpg,4
plastic454.jpg,4
plastic455.jpg,4
plastic456.jpg,4
plastic457.jpg,4
plastic458.jpg,4
plastic459.jpg,4
plastic460.jpg,4
plastic461.jpg,4
plastic462.jpg,4
plastic463.jpg,4
plastic464.jpg,4
plastic465.jpg,4
plastic466.jpg,4
plastic467.jpg,4
plastic468.jpg,4
plastic469.jpg,4
plastic470.jpg,4
plastic471.jpg,4
plastic472.jpg,4
plastic473.jpg,4
plastic474.jpg,4
plastic475.jpg,4
plastic476.jpg,4
plastic477.jpg,4
plastic478.jpg,4
plastic479.jpg,4
plastic480.jpg,4
plastic481.jpg,4
plastic482.jpg,4
trash1.jpg,5
trash2.jpg,5
trash3.jpg,5
trash4.jpg,5
trash5.jpg,5
trash6.jpg,5
trash7.jpg,5
trash8.jpg,5
trash9.jpg,5
trash10.jpg,5
trash11.jpg,5
trash12.jpg,5
trash13.jpg,5
trash14.jpg,5
trash15.jpg,5
trash16.jpg,5
trash17.jpg,5
trash18.jpg,5
trash19.jpg,5
trash20.jpg,5
trash21.jpg,5
trash22.jpg,5
trash23.jpg,5
trash24.jpg,5
trash25.jpg,5
trash26.jpg,5
trash27.jpg,5
trash28.jpg,5
trash29.jpg,5
trash30.jpg,5
trash31.jpg,5
trash32.jpg,5
trash33.jpg,5
trash34.jpg,5
trash35.jpg,5
trash36.jpg,5
trash37.jpg,5
trash38.jpg,5
trash39.jpg,5
trash40.jpg,5
trash41.jpg,5
trash42.jpg,5
trash43.jpg,5
trash44.jpg,5
trash45.jpg,5
trash46.jpg,5
trash47.jpg,5
trash48.jpg,5
trash49.jpg,5
trash50.jpg,5
trash51.jpg,5
trash52.jpg,5
trash53.jpg,5
trash54.jpg,5
trash55.jpg,5
trash56.jpg,5
trash57.jpg,5
trash58.jpg,5
trash59.jpg,5
trash60.jpg,5
trash61.jpg,5
trash62.jpg,5
trash63.jpg,5
trash64.jpg,5
trash65.jpg,5
trash66.jpg,5
trash67.jpg,5
trash68.jpg,5
trash69.jpg,5
trash70.jpg,5
trash71.jpg,5
trash72.jpg,5
trash73.jpg,5
trash74.jpg,5
trash75.jpg,5
trash76.jpg,5
trash77.jpg,5
trash78.jpg,5
trash79.jpg,5
trash80.jpg,5
trash81.jpg,5
trash82.jpg,5
trash83.jpg,5
trash84.jpg,5
trash85.jpg,5
trash86.jpg,5
trash87.jpg,5
trash88.jpg,5
trash89.jpg,5
trash90.jpg,5
trash91.jpg,5
trash92.jpg,5
trash93.jpg,5
trash94.jpg,5
trash95.jpg,5
trash96.jpg,5
trash97.jpg,5
trash98.jpg,5
trash99.jpg,5
trash100.jpg,5
trash101.jpg,5
trash102.jpg,5
trash103.jpg,5
trash104.jpg,5
trash105.jpg,5
trash106.jpg,5
trash107.jpg,5
trash108.jpg,5
trash109.jpg,5
trash110.jpg,5
trash111.jpg,5
trash112.jpg,5
trash113.jpg,5
trash114.jpg,5
trash115.jpg,5
trash116.jpg,5
trash117.jpg,5
trash118.jpg,5
trash119.jpg,5
trash120.jpg,5
trash121.jpg,5
trash122.jpg,5
trash123.jpg,5
trash124.jpg,5
trash125.jpg,5
trash126.jpg,5
trash127.jpg,5
trash128.jpg,5
trash129.jpg,5
trash130.jpg,5
trash131.jpg,5
trash132.jpg,5
trash133.jpg,5
trash134.jpg,5
trash135.jpg,5
trash136.jpg,5
trash137.jpg,5